n_evaluation_questions,assumed_discordance,family_alpha,contrasts,power,approx_mde_pp,status
64,0.1,0.05,3,0.8,12.789836,analytic_planning_scenario_not_model_data
64,0.2,0.05,3,0.8,18.08756,analytic_planning_scenario_not_model_data
64,0.3,0.05,3,0.8,22.152646,analytic_planning_scenario_not_model_data
80,0.1,0.05,3,0.8,11.439577,analytic_planning_scenario_not_model_data
80,0.2,0.05,3,0.8,16.178005,analytic_planning_scenario_not_model_data
80,0.3,0.05,3,0.8,19.813929,analytic_planning_scenario_not_model_data
288,0.1,0.05,3,0.8,6.029187,analytic_planning_scenario_not_model_data
288,0.2,0.05,3,0.8,8.526557,analytic_planning_scenario_not_model_data
288,0.3,0.05,3,0.8,10.442857,analytic_planning_scenario_not_model_data
368,0.1,0.05,3,0.8,5.33373,analytic_planning_scenario_not_model_data
368,0.2,0.05,3,0.8,7.543034,analytic_planning_scenario_not_model_data
368,0.3,0.05,3,0.8,9.238292,analytic_planning_scenario_not_model_data
512,0.1,0.05,3,0.8,4.52189,analytic_planning_scenario_not_model_data
512,0.2,0.05,3,0.8,6.394918,analytic_planning_scenario_not_model_data
512,0.3,0.05,3,0.8,7.832143,analytic_planning_scenario_not_model_data
1319,0.1,0.05,3,0.8,2.817297,analytic_planning_scenario_not_model_data
1319,0.2,0.05,3,0.8,3.984259,analytic_planning_scenario_not_model_data
1319,0.3,0.05,3,0.8,4.879701,analytic_planning_scenario_not_model_data
